symbol,date,open,high,low,close,volume
NABIL,2024-12-13,1098.2,1107.79,1088.68,1103.67,52173
NABIL,2024-12-16,1103.67,1108.98,1095.51,1102.0,35722
NABIL,2024-12-17,1099.21,1116.2,1091.56,1101.13,57866
NABIL,2024-12-18,1114.18,1126.06,1094.18,1112.43,40443
NABIL,2024-12-19,1107.43,1115.75,1105.81,1110.04,41361
NABIL,2024-12-20,1113.27,1126.33,1103.94,1108.92,45325
NABIL,2024-12-23,1108.04,1118.43,1090.94,1107.19,53279
NABIL,2024-12-24,1100.07,1104.05,1092.34,1102.49,33546
NABIL,2024-12-25,1127.47,1146.88,1119.77,1122.52,40531
NABIL,2024-12-26,1136.22,1160.91,1124.04,1141.75,62115
NABIL,2024-12-27,1138.64,1156.29,1118.66,1133.39,41072
NABIL,2024-12-30,1136.09,1143.35,1115.0,1132.12,47285
NABIL,2024-12-31,1136.81,1151.4,1122.48,1131.88,30654
NABIL,2025-01-01,1157.83,1178.48,1138.44,1156.5,45893
NABIL,2025-01-02,1145.19,1160.76,1133.86,1140.88,52556
NABIL,2025-01-03,1138.45,1146.88,1133.62,1140.05,56451
NABIL,2025-01-06,1163.75,1182.98,1148.71,1159.5,45284
NABIL,2025-01-07,1154.0,1167.9,1143.59,1150.57,55932
NABIL,2025-01-08,1161.87,1169.71,1143.91,1157.35,30538
NABIL,2025-01-09,1171.61,1173.5,1158.89,1170.7,46773
NABIL,2025-01-10,1149.12,1164.3,1129.03,1151.58,28489
NABIL,2025-01-13,1170.55,1178.89,1148.31,1166.79,46034
NABIL,2025-01-14,1165.65,1171.09,1153.89,1162.51,30226
NABIL,2025-01-15,1174.62,1191.75,1164.27,1179.91,50202
NABIL,2025-01-16,1183.97,1204.8,1170.4,1181.3,38823
NABIL,2025-01-17,1209.72,1216.5,1193.45,1206.16,29976
NABIL,2025-01-20,1210.16,1237.04,1205.58,1215.93,52321
NABIL,2025-01-21,1215.8,1221.71,1197.15,1216.91,36192
NABIL,2025-01-22,1228.32,1244.47,1219.39,1227.71,37267
NABIL,2025-01-23,1250.66,1267.6,1234.32,1245.0,49272
ADBL,2024-12-13,332.47,336.81,329.08,332.84,33271
ADBL,2024-12-16,332.33,334.84,330.32,330.87,42509
ADBL,2024-12-17,330.08,331.8,324.7,331.08,19727
ADBL,2024-12-18,331.94,337.49,326.37,333.29,27451
ADBL,2024-12-19,334.83,335.3,332.29,333.68,26498
ADBL,2024-12-20,335.49,341.11,333.04,336.78,41793
ADBL,2024-12-23,337.44,342.39,332.2,336.65,23816
ADBL,2024-12-24,336.3,341.25,335.07,335.46,29856
ADBL,2024-12-25,339.71,344.97,335.56,340.14,43161
ADBL,2024-12-26,342.01,344.85,339.0,340.78,38636
ADBL,2024-12-27,335.42,342.26,332.26,336.76,40483
ADBL,2024-12-30,342.74,348.93,338.84,343.36,19538
ADBL,2024-12-31,339.56,340.43,333.94,338.19,43657
ADBL,2025-01-01,339.86,343.51,335.87,338.33,30776
ADBL,2025-01-02,340.11,343.06,337.88,340.81,38580
ADBL,2025-01-03,348.49,353.52,341.75,347.47,31956
ADBL,2025-01-06,339.96,345.0,336.39,341.47,42056
ADBL,2025-01-07,346.84,348.4,341.44,347.36,38815
ADBL,2025-01-08,349.53,350.48,343.34,349.12,37260
ADBL,2025-01-09,352.67,359.48,350.56,354.18,21349
ADBL,2025-01-10,367.75,375.84,363.47,369.28,28778
ADBL,2025-01-13,371.45,377.8,369.83,370.29,38606
ADBL,2025-01-14,374.75,376.12,372.96,375.21,33599
ADBL,2025-01-15,372.21,378.6,366.21,372.49,31910
ADBL,2025-01-16,369.45,374.59,363.15,371.26,22311
ADBL,2025-01-17,373.76,379.72,371.77,375.2,34240
ADBL,2025-01-20,372.02,374.76,365.44,370.31,41565
ADBL,2025-01-21,372.19,379.7,365.57,373.22,44166
ADBL,2025-01-22,379.19,387.08,375.77,380.93,44759
ADBL,2025-01-23,383.36,389.01,382.78,385.0,32693
NICA,2024-12-13,610.09,622.43,607.54,612.81,40243
NICA,2024-12-16,629.14,635.71,622.96,626.04,38979
NICA,2024-12-17,620.25,623.48,611.7,618.09,20220
NICA,2024-12-18,623.0,630.04,611.43,620.18,32699
NICA,2024-12-19,612.19,616.53,601.64,611.47,32696
NICA,2024-12-20,625.71,634.55,619.85,625.58,36850
NICA,2024-12-23,630.72,637.37,628.44,630.39,26530
NICA,2024-12-24,620.55,623.75,617.35,622.82,31517
NICA,2024-12-25,611.87,614.7,601.05,610.63,17584
NICA,2024-12-26,620.79,628.58,613.76,621.72,27311
NICA,2024-12-27,621.8,626.1,613.56,619.3,35274
NICA,2024-12-30,626.67,634.58,624.58,627.32,39088
NICA,2024-12-31,630.73,643.57,624.65,632.97,23189
NICA,2025-01-01,626.81,638.14,620.78,627.07,24811
NICA,2025-01-02,615.28,618.41,604.19,614.46,20214
NICA,2025-01-03,610.9,615.38,601.35,613.18,31990
NICA,2025-01-06,611.35,617.52,609.67,613.3,28151
NICA,2025-01-07,621.23,623.67,611.05,620.19,18189
NICA,2025-01-08,623.31,628.97,613.97,625.38,19290
NICA,2025-01-09,640.62,648.74,631.34,643.06,25628
NICA,2025-01-10,649.05,657.32,637.77,649.02,35636
NICA,2025-01-13,657.8,659.37,654.89,656.96,38430
NICA,2025-01-14,661.82,668.53,658.98,664.74,34459
NICA,2025-01-15,646.93,651.94,639.36,648.98,28394
NICA,2025-01-16,649.62,654.34,642.27,648.85,34441
NICA,2025-01-17,640.42,646.8,636.66,643.4,37839
NICA,2025-01-20,650.77,657.31,640.16,650.69,27540
NICA,2025-01-21,635.75,639.01,627.01,635.54,25927
NICA,2025-01-22,626.54,633.64,617.51,629.56,24782
NICA,2025-01-23,617.64,630.01,612.76,620.0,32869
EBL,2024-12-13,1705.55,1723.4,1684.19,1698.26,10217
EBL,2024-12-16,1726.54,1733.76,1700.38,1721.9,11660
EBL,2024-12-17,1715.15,1723.93,1687.5,1715.02,13497
EBL,2024-12-18,1699.39,1721.52,1673.26,1702.99,12212
EBL,2024-12-19,1718.88,1722.11,1697.22,1718.32,8773
EBL,2024-12-20,1733.16,1771.8,1711.46,1740.76,15473
EBL,2024-12-23,1744.98,1771.29,1736.12,1749.27,13348
EBL,2024-12-24,1753.34,1767.87,1732.18,1753.84,16660
EBL,2024-12-25,1757.45,1788.04,1723.83,1751.66,14690
EBL,2024-12-26,1780.65,1787.92,1742.97,1772.88,14791
EBL,2024-12-27,1776.72,1803.92,1747.66,1775.4,15329
EBL,2024-12-30,1792.27,1804.43,1765.01,1797.63,15520
EBL,2024-12-31,1817.15,1835.13,1792.56,1814.15,16141
EBL,2025-01-01,1826.53,1855.71,1807.29,1828.5,11179
EBL,2025-01-02,1845.92,1857.92,1836.15,1846.61,12426
EBL,2025-01-03,1832.95,1867.81,1811.92,1837.87,12832
EBL,2025-01-06,1880.67,1902.51,1843.06,1873.05,16763
EBL,2025-01-07,1837.03,1849.33,1806.0,1834.68,15316
EBL,2025-01-08,1820.3,1838.63,1813.01,1818.11,15262
EBL,2025-01-09,1846.11,1864.23,1820.68,1852.56,14819
EBL,2025-01-10,1867.27,1896.07,1857.86,1876.02,16137
EBL,2025-01-13,1881.12,1912.28,1850.8,1884.09,15836
EBL,2025-01-14,1904.59,1926.53,1896.12,1911.71,8927
EBL,2025-01-15,1898.06,1928.48,1887.13,1903.21,13800
EBL,2025-01-16,1876.36,1895.55,1847.04,1872.73,10869
EBL,2025-01-17,1890.08,1927.3,1874.8,1896.12,11416
EBL,2025-01-20,1897.43,1930.62,1868.22,1898.15,13255
EBL,2025-01-21,1868.81,1890.1,1835.64,1868.7,16091
EBL,2025-01-22,1880.72,1900.67,1861.1,1872.63,16591
EBL,2025-01-23,1893.92,1900.73,1874.5,1890.0,13458
GBIME,2024-12-13,261.87,267.68,259.39,262.96,73070
GBIME,2024-12-16,263.2,267.98,259.4,264.35,89509
GBIME,2024-12-17,260.57,262.45,256.04,261.34,66372
GBIME,2024-12-18,256.33,256.87,254.93,256.16,65353
GBIME,2024-12-19,254.61,256.77,251.7,254.55,71129
GBIME,2024-12-20,254.89,256.82,254.04,255.77,92119
GBIME,2024-12-23,256.12,257.89,254.31,256.45,62933
GBIME,2024-12-24,264.31,266.54,262.77,265.57,76521
GBIME,2024-12-25,265.72,268.25,261.98,266.98,77225
GBIME,2024-12-26,267.02,269.05,265.84,268.31,50431
GBIME,2024-12-27,274.21,275.59,269.32,273.79,53941
GBIME,2024-12-30,275.81,280.1,274.13,275.2,62305
GBIME,2024-12-31,270.78,271.99,266.81,270.33,89415
GBIME,2025-01-01,270.64,272.64,266.72,271.97,42175
GBIME,2025-01-02,275.94,279.84,272.95,276.82,89216
GBIME,2025-01-03,282.64,284.57,277.92,281.75,61355
GBIME,2025-01-06,282.32,283.89,279.99,282.07,62969
GBIME,2025-01-07,280.01,282.37,276.22,279.86,92246
GBIME,2025-01-08,286.87,287.84,285.18,286.11,67207
GBIME,2025-01-09,291.36,295.61,287.09,290.22,41954
GBIME,2025-01-10,291.63,295.28,289.52,292.3,54740
GBIME,2025-01-13,292.39,297.9,292.02,293.44,69285
GBIME,2025-01-14,287.77,290.35,282.68,288.72,90391
GBIME,2025-01-15,294.18,298.5,290.26,295.31,70832
GBIME,2025-01-16,292.5,296.92,287.83,292.06,41331
GBIME,2025-01-17,291.39,297.22,290.47,292.45,73180
GBIME,2025-01-20,293.77,297.39,289.07,293.48,90397
GBIME,2025-01-21,297.37,299.85,294.64,297.61,43284
GBIME,2025-01-22,299.05,304.11,294.09,300.05,73492
GBIME,2025-01-23,294.25,297.25,290.4,295.0,60051
SBL,2024-12-13,158.07,160.19,157.57,158.57,105771
SBL,2024-12-16,158.19,160.12,156.73,157.71,114118
SBL,2024-12-17,157.77,159.64,155.52,158.17,123999
SBL,2024-12-18,159.66,159.93,158.01,158.96,119545
SBL,2024-12-19,160.17,162.39,159.78,160.68,55942
SBL,2024-12-20,164.43,165.43,163.72,164.1,122814
SBL,2024-12-23,163.94,165.43,162.66,163.21,113787
SBL,2024-12-24,161.35,164.09,158.55,161.65,96069
SBL,2024-12-25,160.31,161.24,157.63,160.75,103207
SBL,2024-12-26,161.91,164.33,159.18,162.17,76019
SBL,2024-12-27,161.19,163.52,159.09,161.12,98183
SBL,2024-12-30,158.61,160.43,155.78,158.0,55261
SBL,2024-12-31,160.11,160.33,159.02,159.52,91264
SBL,2025-01-01,157.19,159.48,156.35,156.51,78546
SBL,2025-01-02,157.31,158.54,155.35,156.89,98298
SBL,2025-01-03,159.13,161.95,157.76,158.54,83331
SBL,2025-01-06,156.57,158.81,154.39,156.69,61403
SBL,2025-01-07,156.96,158.11,154.93,157.19,70190
SBL,2025-01-08,152.1,153.0,151.92,152.8,84045
SBL,2025-01-09,152.71,154.8,150.53,152.88,121309
SBL,2025-01-10,154.7,155.09,152.58,154.26,116253
SBL,2025-01-13,153.96,155.34,152.12,153.28,65439
SBL,2025-01-14,155.95,156.72,154.87,155.18,99878
SBL,2025-01-15,155.32,156.83,152.97,155.15,66117
SBL,2025-01-16,154.11,155.19,153.38,154.55,78504
SBL,2025-01-17,149.44,152.72,149.0,150.1,119724
SBL,2025-01-20,152.89,153.49,150.43,152.14,107627
SBL,2025-01-21,150.83,151.38,149.92,150.54,69536
SBL,2025-01-22,152.21,154.18,151.0,152.63,94914
SBL,2025-01-23,154.37,157.47,152.29,155.0,62762
SCB,2024-12-13,4763.67,4856.35,4748.53,4779.99,3491
SCB,2024-12-16,4726.62,4741.7,4653.31,4711.27,6690
SCB,2024-12-17,4639.47,4724.65,4621.59,4655.26,5633
SCB,2024-12-18,4582.79,4632.6,4548.36,4605.52,7755
SCB,2024-12-19,4592.82,4617.7,4553.64,4586.77,5779
SCB,2024-12-20,4563.8,4576.66,4528.02,4551.06,5784
SCB,2024-12-23,4521.03,4551.83,4467.58,4500.19,7535
SCB,2024-12-24,4459.61,4553.23,4431.49,4477.41,3663
SCB,2024-12-25,4496.88,4564.6,4421.08,4505.85,5968
SCB,2024-12-26,4476.49,4535.21,4399.39,4483.4,7264
SCB,2024-12-27,4415.61,4492.75,4371.7,4394.8,3942
SCB,2024-12-30,4379.08,4385.29,4290.82,4367.8,4809
SCB,2024-12-31,4321.79,4383.21,4294.2,4322.28,5357
SCB,2025-01-01,4346.72,4434.79,4299.97,4356.58,5382
SCB,2025-01-02,4378.58,4457.12,4351.4,4393.36,4349
SCB,2025-01-03,4254.51,4326.05,4225.27,4272.35,4584
SCB,2025-01-06,4239.63,4254.76,4175.65,4220.6,7587
SCB,2025-01-07,4226.5,4280.05,4178.99,4229.9,4588
SCB,2025-01-08,4247.46,4281.26,4215.16,4227.0,4390
SCB,2025-01-09,4249.77,4268.52,4220.35,4262.0,5010
SCB,2025-01-10,4195.57,4233.52,4173.89,4180.33,4191
SCB,2025-01-13,4205.83,4265.56,4169.87,4190.38,7144
SCB,2025-01-14,4247.06,4296.52,4169.21,4236.01,3505
SCB,2025-01-15,4334.24,4384.01,4296.84,4316.08,5517
SCB,2025-01-16,4349.93,4380.3,4322.33,4366.64,5287
SCB,2025-01-17,4371.59,4425.75,4297.67,4384.72,5967
SCB,2025-01-20,4279.91,4352.27,4225.45,4289.82,5399
SCB,2025-01-21,4243.82,4274.17,4195.75,4264.65,5510
SCB,2025-01-22,4260.34,4285.72,4229.75,4256.08,7213
SCB,2025-01-23,4261.89,4269.02,4208.22,4250.0,3830
NBL,2024-12-13,232.01,234.89,229.91,232.12,64360
NBL,2024-12-16,231.06,232.5,227.87,232.03,39510
NBL,2024-12-17,229.72,230.81,228.55,228.87,47214
NBL,2024-12-18,230.08,234.15,228.52,230.82,54221
NBL,2024-12-19,228.52,231.54,225.18,228.4,75860
NBL,2024-12-20,228.2,230.95,223.8,227.12,62129
NBL,2024-12-23,224.19,225.49,221.14,225.15,52676
NBL,2024-12-24,225.37,228.38,223.33,224.54,51063
NBL,2024-12-25,222.77,224.75,222.5,223.12,34322
NBL,2024-12-26,226.14,228.59,222.94,225.32,64085
NBL,2024-12-27,225.58,229.19,224.97,225.61,50899
NBL,2024-12-30,223.07,226.04,222.51,223.57,41731
NBL,2024-12-31,220.58,223.17,219.09,220.31,38295
NBL,2025-01-01,219.72,223.34,215.96,219.24,42898
NBL,2025-01-02,222.25,223.16,220.43,221.2,53964
NBL,2025-01-03,219.4,223.43,217.11,219.95,54943
NBL,2025-01-06,215.43,218.12,212.15,215.73,49568
NBL,2025-01-07,217.91,219.08,215.42,216.9,46706
NBL,2025-01-08,220.58,221.29,219.65,219.98,52292
NBL,2025-01-09,221.66,222.74,218.31,222.24,55158
NBL,2025-01-10,222.99,226.72,220.61,223.35,43384
NBL,2025-01-13,229.7,232.69,225.95,229.43,39861
NBL,2025-01-14,228.25,232.42,226.72,229.32,53197
NBL,2025-01-15,230.49,233.88,227.85,229.7,70297
NBL,2025-01-16,230.1,231.45,227.01,230.78,35059
NBL,2025-01-17,228.9,232.77,224.85,228.82,37884
NBL,2025-01-20,225.1,229.01,222.26,225.21,54614
NBL,2025-01-21,227.8,229.66,227.52,228.85,74504
NBL,2025-01-22,228.18,233.26,226.55,229.32,70282
NBL,2025-01-23,227.9,230.23,225.69,228.0,61548
KBL,2024-12-13,191.75,193.26,188.64,191.02,46723
KBL,2024-12-16,188.34,190.97,186.93,187.76,39076
KBL,2024-12-17,187.79,188.36,185.55,187.19,24909
KBL,2024-12-18,186.52,188.19,184.42,186.84,47642
KBL,2024-12-19,186.27,188.09,183.67,186.48,37022
KBL,2024-12-20,186.49,187.42,185.05,187.0,46744
KBL,2024-12-23,189.32,191.0,186.91,189.09,53175
KBL,2024-12-24,188.82,190.55,185.46,188.78,35967
KBL,2024-12-25,191.57,193.29,190.01,191.8,42307
KBL,2024-12-26,188.69,191.33,187.7,188.49,48389
KBL,2024-12-27,192.37,192.62,188.69,191.5,24969
KBL,2024-12-30,190.7,193.8,187.78,190.42,55275
KBL,2024-12-31,187.29,191.29,185.04,188.11,28062
KBL,2025-01-01,185.99,187.02,183.54,186.02,34848
KBL,2025-01-02,184.62,186.5,181.72,184.06,44836
KBL,2025-01-03,184.39,185.43,181.97,183.99,28737
KBL,2025-01-06,183.9,186.81,181.16,184.49,42029
KBL,2025-01-07,180.04,180.55,178.16,179.66,33176
KBL,2025-01-08,180.07,181.73,178.47,179.24,42855
KBL,2025-01-09,178.45,181.38,178.12,179.27,44549
KBL,2025-01-10,179.14,182.01,176.05,178.57,31708
KBL,2025-01-13,177.27,178.69,176.41,177.07,54384
KBL,2025-01-14,176.7,177.85,175.86,176.96,33777
KBL,2025-01-15,178.3,179.76,176.55,177.73,27868
KBL,2025-01-16,174.29,175.8,172.68,174.08,30257
KBL,2025-01-17,176.16,178.92,173.22,175.74,27874
KBL,2025-01-20,177.5,180.47,176.14,178.35,42739
KBL,2025-01-21,176.93,178.76,175.53,177.4,41093
KBL,2025-01-22,180.89,181.49,178.9,180.01,38046
KBL,2025-01-23,177.87,180.35,176.76,178.0,57391
MBL,2024-12-13,127.63,129.26,126.97,128.15,55668
MBL,2024-12-16,130.84,132.74,130.34,130.63,49941
MBL,2024-12-17,130.49,131.09,130.34,130.62,85057
MBL,2024-12-18,132.4,134.43,131.14,132.35,69668
MBL,2024-12-19,131.22,133.58,129.14,131.76,79938
MBL,2024-12-20,132.28,134.01,129.62,131.91,53414
MBL,2024-12-23,130.98,132.23,128.82,131.29,85562
MBL,2024-12-24,131.71,132.53,130.16,131.64,60722
MBL,2024-12-25,133.17,134.47,132.71,133.03,63245
MBL,2024-12-26,133.28,135.34,130.71,132.63,85239
MBL,2024-12-27,129.78,132.22,128.28,130.28,82570
MBL,2024-12-30,132.95,134.9,131.85,132.46,53493
MBL,2024-12-31,130.25,131.83,128.29,130.8,73287
MBL,2025-01-01,130.27,132.76,129.34,130.47,79756
MBL,2025-01-02,133.45,136.05,133.14,133.95,62743
MBL,2025-01-03,133.02,134.88,130.88,132.88,63530
MBL,2025-01-06,132.49,133.08,130.93,132.62,41497
MBL,2025-01-07,134.78,135.87,134.56,135.42,65912
MBL,2025-01-08,135.94,137.08,133.59,135.31,63711
MBL,2025-01-09,136.77,137.23,135.8,136.85,48997
MBL,2025-01-10,137.23,138.88,134.96,137.07,41151
MBL,2025-01-13,139.79,141.02,137.02,139.39,88499
MBL,2025-01-14,140.15,142.57,139.97,140.77,50171
MBL,2025-01-15,142.29,143.24,140.46,142.8,43165
MBL,2025-01-16,144.37,144.67,142.74,144.09,88592
MBL,2025-01-17,145.19,146.85,142.88,144.73,69683
MBL,2025-01-20,145.73,146.93,143.39,145.69,83008
MBL,2025-01-21,143.1,143.8,141.42,143.18,59044
MBL,2025-01-22,142.96,144.89,141.79,142.49,38599
MBL,2025-01-23,141.88,143.3,139.37,142.0,51217
NLIC,2024-12-13,2754.78,2786.29,2704.62,2751.02,9031
NLIC,2024-12-16,2722.6,2769.14,2697.3,2732.16,10183
NLIC,2024-12-17,2745.08,2764.45,2729.1,2757.72,5853
NLIC,2024-12-18,2681.83,2696.63,2677.17,2693.38,10591
NLIC,2024-12-19,2710.72,2731.1,2678.04,2714.7,10855
NLIC,2024-12-20,2702.5,2713.71,2657.57,2698.15,6040
NLIC,2024-12-23,2649.71,2686.79,2609.77,2645.47,5489
NLIC,2024-12-24,2659.06,2716.83,2624.55,2670.22,10816
NLIC,2024-12-25,2645.82,2665.65,2604.2,2642.53,6204
NLIC,2024-12-26,2672.37,2710.23,2650.47,2669.3,9115
NLIC,2024-12-27,2669.11,2728.22,2657.31,2681.39,7424
NLIC,2024-12-30,2652.74,2682.54,2618.69,2640.07,10666
NLIC,2024-12-31,2706.11,2739.02,2655.02,2697.7,7748
NLIC,2025-01-01,2760.21,2773.51,2716.36,2748.44,8416
NLIC,2025-01-02,2696.78,2729.23,2691.47,2698.41,7053
NLIC,2025-01-03,2699.2,2721.26,2691.31,2709.45,9938
NLIC,2025-01-06,2738.2,2784.89,2729.01,2744.08,11367
NLIC,2025-01-07,2775.89,2790.57,2750.03,2764.31,8619
NLIC,2025-01-08,2810.86,2848.48,2787.83,2801.28,10011
NLIC,2025-01-09,2798.76,2836.64,2795.23,2807.82,12014
NLIC,2025-01-10,2805.94,2829.54,2761.72,2818.82,10508
NLIC,2025-01-13,2793.26,2806.19,2758.24,2784.41,11325
NLIC,2025-01-14,2829.59,2858.5,2800.54,2823.02,8959
NLIC,2025-01-15,2818.9,2854.57,2801.17,2824.61,11558
NLIC,2025-01-16,2814.53,2853.76,2767.76,2810.7,8626
NLIC,2025-01-17,2803.03,2831.48,2787.19,2816.85,12401
NLIC,2025-01-20,2805.0,2838.32,2792.66,2816.28,6792
NLIC,2025-01-21,2874.6,2913.3,2851.39,2873.02,6678
NLIC,2025-01-22,2861.13,2906.32,2836.59,2865.28,5377
NLIC,2025-01-23,2897.54,2902.18,2874.62,2890.0,6781
LICN,2024-12-13,1498.07,1514.77,1491.09,1504.72,13060
LICN,2024-12-16,1512.15,1526.96,1491.93,1507.79,8041
LICN,2024-12-17,1523.2,1538.61,1498.08,1525.83,8696
LICN,2024-12-18,1540.6,1561.41,1537.5,1539.08,15080
LICN,2024-12-19,1530.05,1542.54,1516.89,1527.87,13759
LICN,2024-12-20,1514.3,1532.21,1508.66,1520.1,10159
LICN,2024-12-23,1505.7,1522.25,1482.26,1504.62,9965
LICN,2024-12-24,1483.59,1488.19,1457.5,1486.04,14172
LICN,2024-12-25,1449.71,1467.26,1430.98,1453.01,15148
LICN,2024-12-26,1418.2,1433.44,1413.71,1421.63,14263
LICN,2024-12-27,1394.15,1419.02,1379.91,1398.54,11047
LICN,2024-12-30,1393.12,1401.55,1385.28,1398.24,11168
LICN,2024-12-31,1409.72,1429.52,1402.69,1410.62,8143
LICN,2025-01-01,1372.77,1377.3,1364.09,1371.26,12606
LICN,2025-01-02,1389.5,1392.52,1359.63,1383.19,9248
LICN,2025-01-03,1361.98,1372.33,1358.45,1365.23,8955
LICN,2025-01-06,1390.36,1412.91,1375.96,1393.53,13679
LICN,2025-01-07,1420.33,1439.78,1395.58,1426.53,7281
LICN,2025-01-08,1460.1,1465.02,1441.18,1454.19,10403
LICN,2025-01-09,1438.74,1464.42,1413.38,1440.94,12667
LICN,2025-01-10,1446.61,1461.83,1436.95,1439.94,7188
LICN,2025-01-13,1448.62,1457.65,1440.54,1449.79,15512
LICN,2025-01-14,1419.68,1440.4,1398.91,1423.15,11785
LICN,2025-01-15,1431.9,1457.52,1420.94,1432.42,9851
LICN,2025-01-16,1417.44,1428.01,1397.36,1422.93,8968
LICN,2025-01-17,1438.35,1453.51,1420.27,1433.32,7748
LICN,2025-01-20,1456.91,1476.27,1427.23,1451.69,13062
LICN,2025-01-21,1447.93,1451.39,1432.52,1447.3,11062
LICN,2025-01-22,1447.45,1477.11,1442.31,1452.31,12714
LICN,2025-01-23,1449.45,1461.6,1439.4,1450.0,11607
PICL,2024-12-13,667.16,673.87,654.22,664.4,18044
PICL,2024-12-16,671.3,675.59,667.04,669.33,20668
PICL,2024-12-17,660.6,673.81,650.29,662.08,11881
PICL,2024-12-18,646.74,659.3,642.29,648.79,11258
PICL,2024-12-19,654.96,662.87,644.1,655.36,20372
PICL,2024-12-20,651.46,657.71,648.48,649.49,14573
PICL,2024-12-23,665.45,673.67,657.46,662.24,11431
PICL,2024-12-24,665.2,670.7,652.57,662.67,9517
PICL,2024-12-25,655.34,661.87,651.17,654.95,20470
PICL,2024-12-26,656.87,668.51,647.14,659.65,20070
PICL,2024-12-27,669.13,675.95,663.05,667.0,13283
PICL,2024-12-30,665.75,675.91,658.96,665.94,13825
PICL,2024-12-31,642.57,652.3,634.67,642.61,11528
PICL,2025-01-01,646.66,656.39,634.78,645.29,12353
PICL,2025-01-02,644.88,651.67,638.21,647.19,18705
PICL,2025-01-03,642.65,650.08,633.97,641.68,19861
PICL,2025-01-06,655.09,666.84,650.36,655.28,10935
PICL,2025-01-07,660.06,664.37,654.73,658.9,10229
PICL,2025-01-08,660.08,672.53,650.75,662.23,19806
PICL,2025-01-09,659.53,668.87,655.44,660.99,15757
PICL,2025-01-10,648.36,652.63,637.06,649.63,13153
PICL,2025-01-13,650.97,662.0,647.9,649.97,18920
PICL,2025-01-14,660.72,668.85,649.88,658.82,20681
PICL,2025-01-15,665.13,672.13,653.3,664.0,14939
PICL,2025-01-16,671.52,682.33,665.67,671.78,14107
PICL,2025-01-17,681.63,683.59,671.06,678.4,9884
PICL,2025-01-20,670.31,681.44,659.86,668.71,20072
PICL,2025-01-21,670.13,682.59,666.66,671.52,19405
PICL,2025-01-22,675.54,690.6,671.73,678.81,13163
PICL,2025-01-23,682.24,686.19,677.85,680.0,10765
SLICL,2024-12-13,1092.39,1101.72,1079.76,1088.12,10829
SLICL,2024-12-16,1073.56,1087.46,1057.6,1072.58,9896
SLICL,2024-12-17,1063.94,1076.21,1053.61,1068.16,10993
SLICL,2024-12-18,1099.32,1111.64,1088.53,1094.39,9849
SLICL,2024-12-19,1106.76,1109.2,1090.16,1105.28,8716
SLICL,2024-12-20,1098.24,1100.49,1081.09,1098.54,8050
SLICL,2024-12-23,1143.09,1150.67,1126.56,1137.72,7417
SLICL,2024-12-24,1127.69,1134.2,1110.13,1126.44,9929
SLICL,2024-12-25,1120.57,1127.4,1104.57,1126.13,6167
SLICL,2024-12-26,1117.24,1129.21,1112.37,1121.63,10364
SLICL,2024-12-27,1111.0,1117.65,1108.46,1110.86,8992
SLICL,2024-12-30,1105.32,1122.65,1087.56,1109.9,8586
SLICL,2024-12-31,1124.75,1142.59,1113.86,1124.67,11385
SLICL,2025-01-01,1116.87,1120.48,1096.58,1111.39,8973
SLICL,2025-01-02,1111.81,1121.57,1108.95,1112.68,11478
SLICL,2025-01-03,1118.39,1125.39,1112.72,1117.18,13367
SLICL,2025-01-06,1124.43,1125.58,1112.78,1120.83,6280
SLICL,2025-01-07,1097.77,1102.65,1089.28,1100.44,11262
SLICL,2025-01-08,1085.98,1098.39,1074.86,1090.19,8773
SLICL,2025-01-09,1102.39,1115.57,1096.62,1106.58,6436
SLICL,2025-01-10,1118.31,1130.92,1116.08,1123.02,11121
SLICL,2025-01-13,1149.63,1157.85,1138.51,1147.58,5959
SLICL,2025-01-14,1140.47,1159.32,1130.28,1138.92,12729
SLICL,2025-01-15,1147.95,1151.45,1142.34,1145.38,6400
SLICL,2025-01-16,1148.33,1152.25,1127.51,1147.94,9188
SLICL,2025-01-17,1152.73,1165.8,1143.29,1155.1,6222
SLICL,2025-01-20,1156.15,1172.71,1142.08,1160.53,11596
SLICL,2025-01-21,1139.44,1156.96,1130.62,1137.71,9250
SLICL,2025-01-22,1136.94,1143.4,1120.46,1134.98,12065
SLICL,2025-01-23,1119.4,1136.32,1114.9,1120.0,12603
NLICL,2024-12-13,825.76,840.12,816.24,825.71,8458
NLICL,2024-12-16,828.21,838.43,815.56,832.11,8290
NLICL,2024-12-17,831.67,838.98,818.7,829.55,17688
NLICL,2024-12-18,836.16,853.86,825.57,839.38,17563
NLICL,2024-12-19,839.1,851.73,837.17,838.24,11131
NLICL,2024-12-20,844.06,850.49,830.56,840.18,11688
NLICL,2024-12-23,848.26,851.33,840.63,847.91,13847
NLICL,2024-12-24,864.67,877.79,853.34,862.41,11281
NLICL,2024-12-25,845.63,851.32,831.24,847.67,11711
NLICL,2024-12-26,837.7,854.26,830.56,839.63,11762
NLICL,2024-12-27,850.23,853.09,840.66,849.54,14753
NLICL,2024-12-30,868.73,875.63,867.77,868.83,17476
NLICL,2024-12-31,873.84,883.17,866.27,872.77,10198
NLICL,2025-01-01,879.55,881.94,870.83,880.47,13861
NLICL,2025-01-02,865.31,882.76,863.11,867.67,15781
NLICL,2025-01-03,856.21,869.73,842.42,855.93,16514
NLICL,2025-01-06,846.49,862.0,835.22,849.68,17442
NLICL,2025-01-07,858.34,861.37,845.88,854.54,18556
NLICL,2025-01-08,858.33,871.93,851.47,858.47,12063
NLICL,2025-01-09,869.92,875.66,865.53,871.78,12183
NLICL,2025-01-10,877.97,886.2,870.68,877.87,17318
NLICL,2025-01-13,895.6,902.7,887.82,891.32,16235
NLICL,2025-01-14,881.82,897.03,868.31,881.17,9211
NLICL,2025-01-15,875.19,882.6,868.97,872.11,17613
NLICL,2025-01-16,887.78,905.96,878.57,891.68,13511
NLICL,2025-01-17,880.78,895.53,864.12,879.67,13151
NLICL,2025-01-20,902.05,914.03,894.75,900.36,9481
NLICL,2025-01-21,891.85,899.98,887.99,893.64,11028
NLICL,2025-01-22,884.22,902.11,868.44,886.79,18736
NLICL,2025-01-23,891.57,905.02,878.44,890.0,8193
NIFRA,2024-12-13,74.92,76.18,73.86,74.69,165611
NIFRA,2024-12-16,75.56,76.39,74.49,75.7,139047
NIFRA,2024-12-17,76.92,77.79,75.65,76.56,139781
NIFRA,2024-12-18,77.13,78.67,76.4,77.42,119934
NIFRA,2024-12-19,79.17,80.09,77.77,79.1,143261
NIFRA,2024-12-20,78.18,79.41,77.87,78.38,155395
NIFRA,2024-12-23,77.96,78.73,76.71,77.92,152534
NIFRA,2024-12-24,78.67,79.59,77.63,78.85,88382
NIFRA,2024-12-25,79.11,79.26,78.58,79.0,106758
NIFRA,2024-12-26,78.57,79.73,77.22,78.96,102616
NIFRA,2024-12-27,81.13,81.3,80.66,80.96,75381
NIFRA,2024-12-30,81.22,82.54,80.19,81.43,85189
NIFRA,2024-12-31,82.26,82.83,81.96,82.37,106334
NIFRA,2025-01-01,82.92,84.26,81.8,82.68,165994
NIFRA,2025-01-02,83.42,84.98,82.05,83.53,143701
NIFRA,2025-01-03,84.45,85.09,83.84,84.45,145385
NIFRA,2025-01-06,84.37,85.12,83.87,84.79,141638
NIFRA,2025-01-07,86.27,87.47,85.71,85.87,145254
NIFRA,2025-01-08,85.89,86.31,85.49,86.07,139414
NIFRA,2025-01-09,84.76,85.75,84.61,85.14,125040
NIFRA,2025-01-10,84.9,85.7,83.67,84.95,111870
NIFRA,2025-01-13,84.3,84.57,83.88,84.41,116650
NIFRA,2025-01-14,83.65,84.94,82.18,83.38,140735
NIFRA,2025-01-15,82.78,84.12,81.59,82.8,142781
NIFRA,2025-01-16,82.26,82.76,80.88,82.17,140163
NIFRA,2025-01-17,82.11,82.63,81.33,81.91,114513
NIFRA,2025-01-20,82.89,83.25,82.48,82.72,103740
NIFRA,2025-01-21,82.26,82.53,80.94,82.37,126586
NIFRA,2025-01-22,81.63,83.06,80.18,81.82,112909
NIFRA,2025-01-23,81.87,82.11,80.57,82.0,116364
SHINE,2024-12-13,206.8,208.72,203.94,207.71,42649
SHINE,2024-12-16,212.73,214.66,208.6,212.21,59021
SHINE,2024-12-17,209.82,212.83,208.65,208.89,44737
SHINE,2024-12-18,210.84,211.32,207.4,209.87,33709
SHINE,2024-12-19,209.04,210.39,207.49,209.68,52922
SHINE,2024-12-20,209.83,210.56,208.78,209.66,47898
SHINE,2024-12-23,209.72,212.57,206.87,209.95,37849
SHINE,2024-12-24,210.83,212.08,207.86,209.96,56683
SHINE,2024-12-25,214.6,215.04,210.84,214.16,26191
SHINE,2024-12-26,218.12,220.0,214.41,217.83,59026
SHINE,2024-12-27,214.34,215.44,212.25,214.28,49407
SHINE,2024-12-30,213.54,215.67,212.63,214.45,41806
SHINE,2024-12-31,216.47,218.28,212.64,216.37,31648
SHINE,2025-01-01,217.61,218.72,213.88,217.73,55076
SHINE,2025-01-02,217.66,220.81,215.86,216.62,34282
SHINE,2025-01-03,216.31,217.25,214.92,215.31,60300
SHINE,2025-01-06,216.15,219.97,213.91,215.7,34889
SHINE,2025-01-07,214.86,217.37,211.26,214.99,47428
SHINE,2025-01-08,214.61,215.52,212.61,213.58,57296
SHINE,2025-01-09,213.12,216.81,210.24,212.18,59695
SHINE,2025-01-10,210.34,211.13,207.72,209.8,50745
SHINE,2025-01-13,212.71,215.79,211.29,213.25,31542
SHINE,2025-01-14,212.41,215.41,210.26,212.28,26338
SHINE,2025-01-15,211.6,214.14,211.12,212.64,33823
SHINE,2025-01-16,214.03,215.05,211.07,213.75,55228
SHINE,2025-01-17,214.71,215.27,211.93,214.22,26928
SHINE,2025-01-20,212.61,215.26,209.21,212.65,35903
SHINE,2025-01-21,206.86,210.51,206.63,207.07,27472
SHINE,2025-01-22,208.5,210.03,205.6,207.96,51987
SHINE,2025-01-23,215.9,219.61,213.24,215.0,38262
MLBL,2024-12-13,162.91,163.75,160.17,163.39,52617
MLBL,2024-12-16,164.56,165.87,163.86,164.55,49350
MLBL,2024-12-17,162.86,165.23,162.06,163.14,43712
MLBL,2024-12-18,162.19,165.34,160.76,162.75,32130
MLBL,2024-12-19,165.45,165.84,162.83,165.57,47163
MLBL,2024-12-20,165.1,167.27,163.59,165.93,25040
MLBL,2024-12-23,170.01,170.83,167.04,169.21,32798
MLBL,2024-12-24,166.08,166.7,165.15,166.53,53428
MLBL,2024-12-25,166.66,169.17,165.76,167.12,49742
MLBL,2024-12-26,165.49,166.64,163.43,165.62,45516
MLBL,2024-12-27,166.85,167.53,164.38,166.33,51408
MLBL,2024-12-30,169.89,172.9,168.49,169.37,35576
MLBL,2024-12-31,171.72,173.82,168.7,171.56,40284
MLBL,2025-01-01,172.05,172.71,170.88,171.69,41507
MLBL,2025-01-02,169.52,169.81,166.47,168.75,42060
MLBL,2025-01-03,171.98,174.6,171.1,172.33,26530
MLBL,2025-01-06,168.69,170.32,166.69,168.67,52372
MLBL,2025-01-07,168.38,170.54,166.85,167.83,37708
MLBL,2025-01-08,168.66,170.82,167.01,167.95,50155
MLBL,2025-01-09,166.53,169.37,164.09,166.91,34087
MLBL,2025-01-10,167.79,171.03,167.21,168.07,45160
MLBL,2025-01-13,170.74,172.54,170.04,170.36,38783
MLBL,2025-01-14,170.47,171.31,169.68,170.67,46195
MLBL,2025-01-15,169.33,169.76,168.7,169.52,23695
MLBL,2025-01-16,172.72,175.74,170.55,172.37,30652
MLBL,2025-01-17,171.23,173.78,169.39,170.88,53434
MLBL,2025-01-20,174.59,177.06,173.58,175.38,50185
MLBL,2025-01-21,173.52,176.62,172.03,174.08,35680
MLBL,2025-01-22,175.23,178.63,172.54,175.87,32980
MLBL,2025-01-23,177.63,180.81,176.46,178.0,48132
SDBL,2024-12-13,172.58,175.75,169.67,172.7,30245
SDBL,2024-12-16,174.51,178.14,171.7,175.08,27501
SDBL,2024-12-17,175.3,177.57,172.99,174.88,26141
SDBL,2024-12-18,175.93,177.08,173.38,176.11,29395
SDBL,2024-12-19,178.9,180.38,177.68,179.32,40969
SDBL,2024-12-20,180.64,181.06,177.44,180.46,40561
SDBL,2024-12-23,177.36,178.18,175.97,177.72,32747
SDBL,2024-12-24,175.98,176.96,172.6,175.72,40885
SDBL,2024-12-25,174.58,177.21,173.53,175.02,32422
SDBL,2024-12-26,174.7,176.01,173.33,175.03,38527
SDBL,2024-12-27,177.33,177.83,173.83,176.54,40402
SDBL,2024-12-30,177.65,180.49,174.65,177.23,31888
SDBL,2024-12-31,175.34,177.54,173.04,174.98,18247
SDBL,2025-01-01,177.87,178.81,175.88,177.72,40708
SDBL,2025-01-02,181.63,184.59,178.94,181.81,33911
SDBL,2025-01-03,184.23,184.73,180.09,183.36,28216
SDBL,2025-01-06,179.66,182.88,179.22,180.4,28227
SDBL,2025-01-07,181.7,183.67,180.66,182.14,18095
SDBL,2025-01-08,180.25,182.31,178.8,180.09,23649
SDBL,2025-01-09,184.21,184.68,181.13,183.82,38798
SDBL,2025-01-10,187.68,187.91,184.65,187.23,22991
SDBL,2025-01-13,189.52,190.95,186.31,189.96,28821
SDBL,2025-01-14,189.85,192.0,188.17,189.41,19814
SDBL,2025-01-15,194.8,197.77,193.09,193.93,37499
SDBL,2025-01-16,194.82,196.82,191.15,193.98,32584
SDBL,2025-01-17,195.71,198.36,193.46,195.24,19512
SDBL,2025-01-20,194.77,198.27,193.2,195.02,30713
SDBL,2025-01-21,192.16,194.0,191.63,192.6,33768
SDBL,2025-01-22,196.77,198.49,194.78,196.21,23801
SDBL,2025-01-23,195.4,197.02,192.96,195.0,33359
CFCL,2024-12-13,57.32,58.38,57.22,57.43,170556
CFCL,2024-12-16,57.08,57.72,56.97,57.17,257608
CFCL,2024-12-17,56.73,57.39,56.24,56.95,198496
CFCL,2024-12-18,57.81,58.89,57.43,57.99,251524
CFCL,2024-12-19,59.28,60.09,58.44,59.06,215510
CFCL,2024-12-20,58.11,59.04,57.24,58.31,228721
CFCL,2024-12-23,56.27,56.6,55.42,56.43,119115
CFCL,2024-12-24,57.23,58.0,56.57,57.1,144359
CFCL,2024-12-25,57.73,58.06,56.85,57.98,259911
CFCL,2024-12-26,58.37,58.93,57.42,58.52,154022
CFCL,2024-12-27,58.89,59.56,58.06,58.87,127944
CFCL,2024-12-30,58.25,58.6,57.42,58.31,270842
CFCL,2024-12-31,58.1,58.71,57.4,58.03,186744
CFCL,2025-01-01,57.94,58.68,57.56,57.91,145996
CFCL,2025-01-02,57.48,57.94,57.3,57.48,218816
CFCL,2025-01-03,57.81,57.98,57.34,57.79,137365
CFCL,2025-01-06,58.01,58.3,57.65,58.1,151470
CFCL,2025-01-07,57.59,58.59,56.75,57.65,199236
CFCL,2025-01-08,58.61,58.74,58.34,58.66,129736
CFCL,2025-01-09,57.76,58.38,57.34,57.77,227879
CFCL,2025-01-10,58.09,58.3,57.76,58.23,203648
CFCL,2025-01-13,59.03,59.91,58.62,58.84,195638
CFCL,2025-01-14,58.87,59.81,58.26,58.96,147857
CFCL,2025-01-15,60.69,61.66,59.87,60.48,130790
CFCL,2025-01-16,60.51,61.47,60.35,60.58,151030
CFCL,2025-01-17,60.47,61.71,59.78,60.74,204614
CFCL,2025-01-20,61.43,61.56,60.71,61.14,130538
CFCL,2025-01-21,60.56,61.53,59.92,60.64,276753
CFCL,2025-01-22,61.2,61.6,60.29,61.16,174322
CFCL,2025-01-23,61.92,62.13,61.19,62.0,192335
GFCL,2024-12-13,59.91,60.13,59.24,59.84,274509
GFCL,2024-12-16,59.68,60.09,58.92,59.82,185608
GFCL,2024-12-17,59.01,59.67,58.86,59.18,235321
GFCL,2024-12-18,57.93,58.24,57.57,58.11,212059
GFCL,2024-12-19,58.19,58.9,57.75,58.01,191308
GFCL,2024-12-20,58.1,58.42,57.86,57.98,259529
GFCL,2024-12-23,57.68,58.1,56.83,57.78,270436
GFCL,2024-12-24,57.53,58.33,56.75,57.69,264320
GFCL,2024-12-25,58.32,59.15,57.85,58.14,175541
GFCL,2024-12-26,58.33,59.32,57.65,58.57,221335
GFCL,2024-12-27,57.92,58.52,56.91,58.2,304983
GFCL,2024-12-30,57.2,57.95,56.21,57.35,265233
GFCL,2024-12-31,57.96,59.0,57.79,58.06,201294
GFCL,2025-01-01,58.13,59.17,57.66,57.89,298559
GFCL,2025-01-02,56.9,57.66,55.94,57.04,158168
GFCL,2025-01-03,57.38,57.76,56.8,57.1,291407
GFCL,2025-01-06,56.88,57.9,55.89,56.68,147953
GFCL,2025-01-07,56.26,56.49,55.27,56.31,207871
GFCL,2025-01-08,55.61,56.2,54.75,55.45,262892
GFCL,2025-01-09,55.11,55.33,54.83,55.26,257164
GFCL,2025-01-10,55.46,55.55,55.11,55.32,256375
GFCL,2025-01-13,55.96,56.61,55.74,55.92,250274
GFCL,2025-01-14,55.63,56.62,55.3,55.59,223197
GFCL,2025-01-15,55.42,55.84,54.52,55.3,252130
GFCL,2025-01-16,55.65,56.58,54.74,55.42,239181
GFCL,2025-01-17,55.5,56.66,55.43,55.66,261988
GFCL,2025-01-20,56.72,57.47,56.1,56.55,150386
GFCL,2025-01-21,56.19,56.92,55.83,56.22,210248
GFCL,2025-01-22,55.73,55.94,54.95,55.48,269733
GFCL,2025-01-23,55.11,55.77,54.27,55.0,169641
MFIL,2024-12-13,49.33,50.12,48.81,49.14,239923
MFIL,2024-12-16,49.87,50.67,48.96,49.69,371261
MFIL,2024-12-17,49.57,50.41,49.52,49.68,194694
MFIL,2024-12-18,50.25,50.83,49.98,50.05,303266
MFIL,2024-12-19,50.37,50.47,49.57,50.19,203927
MFIL,2024-12-20,50.62,51.37,50.21,50.39,421316
MFIL,2024-12-23,50.56,51.15,49.71,50.77,239813
MFIL,2024-12-24,49.79,50.38,49.12,49.93,212404
MFIL,2024-12-25,48.83,49.16,48.76,48.99,376719
MFIL,2024-12-26,49.44,49.86,48.56,49.21,386453
MFIL,2024-12-27,49.0,49.38,48.31,49.08,219567
MFIL,2024-12-30,49.75,50.22,49.42,49.87,202816
MFIL,2024-12-31,49.68,50.57,48.91,49.83,272724
MFIL,2025-01-01,50.29,50.47,49.28,50.11,308140
MFIL,2025-01-02,51.68,52.33,51.46,51.78,221432
MFIL,2025-01-03,51.58,52.07,50.74,51.54,342950
MFIL,2025-01-06,51.5,52.1,50.65,51.62,301912
MFIL,2025-01-07,51.33,52.2,50.46,51.43,291684
MFIL,2025-01-08,51.26,51.96,50.84,51.28,353736
MFIL,2025-01-09,51.0,51.8,50.22,50.86,321490
MFIL,2025-01-10,50.2,51.09,49.89,50.03,279918
MFIL,2025-01-13,49.77,50.39,49.5,49.92,310145
MFIL,2025-01-14,50.22,50.99,49.62,50.22,401804
MFIL,2025-01-15,50.6,50.98,50.08,50.65,377506
MFIL,2025-01-16,49.38,49.79,49.29,49.57,231002
MFIL,2025-01-17,50.23,50.77,49.71,50.2,348128
MFIL,2025-01-20,49.82,50.48,49.24,49.96,352352
MFIL,2025-01-21,48.89,49.59,48.16,49.06,256749
MFIL,2025-01-22,48.31,48.65,48.12,48.45,258512
MFIL,2025-01-23,48.21,49.05,47.6,48.0,222893
UPPER,2024-12-13,250.45,252.56,248.48,250.48,109872
UPPER,2024-12-16,253.51,255.48,251.84,252.83,57820
UPPER,2024-12-17,258.74,261.12,255.58,259.96,79164
UPPER,2024-12-18,268.0,272.42,265.19,267.69,78580
UPPER,2024-12-19,267.62,269.26,265.31,268.83,74617
UPPER,2024-12-20,269.34,270.35,263.71,268.43,75299
UPPER,2024-12-23,270.43,271.64,268.89,271.14,54108
UPPER,2024-12-24,275.08,276.67,270.64,274.78,70948
UPPER,2024-12-25,279.21,281.35,276.91,278.37,54980
UPPER,2024-12-26,279.8,281.21,277.23,279.04,82631
UPPER,2024-12-27,282.78,284.92,276.82,281.57,48302
UPPER,2024-12-30,290.35,293.23,288.0,289.4,61821
UPPER,2024-12-31,287.94,288.83,287.46,288.39,89042
UPPER,2025-01-01,292.46,294.07,288.99,291.2,89709
UPPER,2025-01-02,287.01,291.96,286.47,287.53,102668
UPPER,2025-01-03,286.95,288.59,282.49,286.27,107599
UPPER,2025-01-06,288.52,293.75,286.79,289.93,86204
UPPER,2025-01-07,294.91,296.77,289.89,293.48,52057
UPPER,2025-01-08,294.99,296.77,291.4,295.16,99511
UPPER,2025-01-09,295.58,296.81,290.87,294.3,105417
UPPER,2025-01-10,291.21,293.24,286.77,292.49,84479
UPPER,2025-01-13,295.98,302.21,292.9,297.02,78595
UPPER,2025-01-14,295.14,298.55,293.15,295.89,94273
UPPER,2025-01-15,299.15,302.39,297.61,298.39,98433
UPPER,2025-01-16,299.06,299.64,292.96,298.29,60441
UPPER,2025-01-17,295.19,297.55,291.42,294.71,102652
UPPER,2025-01-20,297.29,302.18,292.37,296.12,90498
UPPER,2025-01-21,298.61,300.57,294.17,299.3,68584
UPPER,2025-01-22,301.55,306.32,296.74,301.76,93253
UPPER,2025-01-23,298.09,299.85,295.13,298.0,65936
NHPC,2024-12-13,72.01,73.29,70.81,71.79,429243
NHPC,2024-12-16,72.01,72.56,70.78,72.06,200370
NHPC,2024-12-17,72.06,72.69,70.9,71.92,340446
NHPC,2024-12-18,72.98,73.95,72.11,73.16,392758
NHPC,2024-12-19,73.31,73.98,72.2,73.08,277694
NHPC,2024-12-20,73.38,73.86,72.09,73.15,208338
NHPC,2024-12-23,74.13,74.83,73.86,74.15,242421
NHPC,2024-12-24,74.4,75.59,74.1,74.49,283198
NHPC,2024-12-25,74.54,75.03,74.38,74.57,216813
NHPC,2024-12-26,74.51,75.45,73.53,74.19,195351
NHPC,2024-12-27,72.99,73.58,71.88,73.0,351039
NHPC,2024-12-30,71.42,72.17,70.67,71.09,204285
NHPC,2024-12-31,72.15,72.43,71.6,72.21,421445
NHPC,2025-01-01,72.39,72.56,71.41,72.28,324645
NHPC,2025-01-02,72.46,73.63,72.16,72.53,339913
NHPC,2025-01-03,73.43,73.91,72.24,73.52,275782
NHPC,2025-01-06,75.1,76.1,74.59,75.16,204698
NHPC,2025-01-07,74.98,75.36,73.83,75.05,393694
NHPC,2025-01-08,74.21,75.16,73.09,74.55,406680
NHPC,2025-01-09,73.61,73.97,72.87,73.57,369778
NHPC,2025-01-10,73.82,74.17,73.27,73.49,420402
NHPC,2025-01-13,73.76,74.63,72.92,73.46,287841
NHPC,2025-01-14,73.31,74.05,72.66,73.13,294143
NHPC,2025-01-15,74.2,75.31,72.88,74.03,395099
NHPC,2025-01-16,73.09,74.21,72.28,73.06,281808
NHPC,2025-01-17,73.42,73.81,72.85,73.12,308011
NHPC,2025-01-20,72.48,72.93,71.87,72.47,268372
NHPC,2025-01-21,70.59,71.32,69.33,70.92,431397
NHPC,2025-01-22,72.59,73.15,71.84,72.25,273513
NHPC,2025-01-23,72.12,73.18,71.86,72.0,287092
RURU,2024-12-13,41.63,42.43,41.1,41.83,288286
RURU,2024-12-16,41.92,42.25,41.82,41.88,472123
RURU,2024-12-17,41.22,41.85,40.67,41.31,603467
RURU,2024-12-18,42.31,42.81,41.58,42.37,429049
RURU,2024-12-19,42.22,42.84,41.48,42.08,356073
RURU,2024-12-20,42.37,43.08,41.54,42.23,437781
RURU,2024-12-23,42.43,43.17,41.73,42.5,350618
RURU,2024-12-24,42.44,42.52,41.92,42.33,434880
RURU,2024-12-25,42.66,43.06,42.28,42.73,332466
RURU,2024-12-26,43.1,43.73,42.85,43.07,329742
RURU,2024-12-27,42.17,42.55,41.67,42.31,422604
RURU,2024-12-30,41.95,42.03,41.14,41.87,416568
RURU,2024-12-31,42.42,42.6,42.04,42.34,368385
RURU,2025-01-01,42.69,43.38,41.97,42.52,357501
RURU,2025-01-02,42.44,42.7,42.16,42.48,574948
RURU,2025-01-03,42.44,43.08,41.89,42.37,330624
RURU,2025-01-06,43.18,43.49,42.8,43.08,372330
RURU,2025-01-07,43.14,44.09,42.48,43.32,634175
RURU,2025-01-08,43.77,44.4,43.26,43.56,484384
RURU,2025-01-09,44.43,44.69,43.82,44.26,499553
RURU,2025-01-10,45.33,45.75,44.77,45.37,479431
RURU,2025-01-13,45.38,45.58,45.12,45.22,524979
RURU,2025-01-14,45.14,45.61,44.79,45.0,279509
RURU,2025-01-15,45.95,46.03,45.67,45.8,635468
RURU,2025-01-16,45.6,45.9,45.37,45.69,365904
RURU,2025-01-17,46.36,46.49,45.46,46.19,630794
RURU,2025-01-20,45.77,46.47,45.13,45.7,520381
RURU,2025-01-21,44.94,45.45,44.61,44.9,483491
RURU,2025-01-22,44.5,44.78,44.28,44.53,356144
RURU,2025-01-23,45.09,45.31,44.67,45.0,546134
CHCL,2024-12-13,491.18,497.32,486.59,489.75,31747
CHCL,2024-12-16,487.98,489.48,481.45,488.98,18118
CHCL,2024-12-17,487.22,492.96,482.58,486.43,14344
CHCL,2024-12-18,499.68,502.93,495.2,498.54,24459
CHCL,2024-12-19,497.39,499.81,489.24,498.17,29606
CHCL,2024-12-20,505.72,511.81,495.43,503.61,21565
CHCL,2024-12-23,503.1,510.27,493.93,501.96,14040
CHCL,2024-12-24,499.39,502.92,491.53,498.34,14281
CHCL,2024-12-25,500.58,508.32,499.51,500.37,24630
CHCL,2024-12-26,495.15,496.36,490.78,495.07,21153
CHCL,2024-12-27,506.77,510.63,499.18,506.22,15817
CHCL,2024-12-30,489.42,491.63,482.08,490.33,32522
CHCL,2024-12-31,490.96,496.17,489.41,491.24,32677
CHCL,2025-01-01,487.13,494.35,480.67,486.73,19763
CHCL,2025-01-02,486.15,492.68,483.04,486.63,19941
CHCL,2025-01-03,493.25,500.89,485.45,495.07,24869
CHCL,2025-01-06,491.07,497.41,487.59,490.13,30379
CHCL,2025-01-07,489.99,496.56,486.33,489.99,17533
CHCL,2025-01-08,496.29,501.56,491.09,498.65,25592
CHCL,2025-01-09,490.13,492.26,480.67,488.42,32076
CHCL,2025-01-10,493.84,500.32,489.87,495.79,24174
CHCL,2025-01-13,507.08,510.18,498.86,509.18,25002
CHCL,2025-01-14,513.01,515.56,509.11,512.78,29391
CHCL,2025-01-15,511.69,518.92,508.48,514.05,18763
CHCL,2025-01-16,509.32,516.13,507.93,510.3,29201
CHCL,2025-01-17,504.17,510.93,497.81,503.75,26038
CHCL,2025-01-20,509.78,512.11,506.69,509.95,24457
CHCL,2025-01-21,516.39,525.65,507.28,517.12,19951
CHCL,2025-01-22,514.1,523.64,510.98,516.39,20242
CHCL,2025-01-23,520.91,524.94,517.33,520.0,22542
BPCL,2024-12-13,325.31,330.81,320.61,326.41,20181
BPCL,2024-12-16,328.34,331.99,327.13,328.17,33121
BPCL,2024-12-17,332.41,337.81,329.48,332.93,20698
BPCL,2024-12-18,340.71,346.31,336.66,340.49,26116
BPCL,2024-12-19,332.72,335.1,329.18,333.91,33588
BPCL,2024-12-20,327.46,334.42,325.77,328.84,33362
BPCL,2024-12-23,335.41,336.2,331.0,334.31,34447
BPCL,2024-12-24,336.39,341.21,330.83,335.29,42204
BPCL,2024-12-25,334.17,340.76,333.67,335.43,23141
BPCL,2024-12-26,335.24,335.8,330.77,334.49,31606
BPCL,2024-12-27,334.72,340.38,332.25,334.45,30732
BPCL,2024-12-30,338.3,344.1,331.31,337.25,43243
BPCL,2024-12-31,328.81,335.07,324.46,330.17,22019
BPCL,2025-01-01,333.48,337.67,329.64,333.68,20081
BPCL,2025-01-02,340.23,345.79,335.99,339.89,24119
BPCL,2025-01-03,347.88,348.71,346.47,348.08,39345
BPCL,2025-01-06,356.31,358.81,354.43,356.0,32564
BPCL,2025-01-07,362.91,367.17,360.04,361.73,33660
BPCL,2025-01-08,366.46,373.11,363.23,366.77,33823
BPCL,2025-01-09,364.47,369.75,361.45,365.5,23333
BPCL,2025-01-10,374.19,380.09,372.31,375.85,31784
BPCL,2025-01-13,375.22,380.89,368.98,376.25,29748
BPCL,2025-01-14,376.48,379.31,371.0,377.75,28372
BPCL,2025-01-15,379.52,384.19,375.99,381.23,30783
BPCL,2025-01-16,381.19,387.47,375.27,381.64,31342
BPCL,2025-01-17,378.78,381.29,375.66,380.45,32847
BPCL,2025-01-20,384.22,388.25,382.14,382.78,19935
BPCL,2025-01-21,384.4,386.64,378.69,385.96,32230
BPCL,2025-01-22,387.93,388.62,386.63,387.37,39740
BPCL,2025-01-23,384.22,385.89,378.41,385.0,21888
HDHPC,2024-12-13,33.37,33.9,33.33,33.42,414496
HDHPC,2024-12-16,33.76,34.27,33.15,33.63,480880
HDHPC,2024-12-17,33.74,34.37,33.24,33.77,648167
HDHPC,2024-12-18,33.81,34.31,33.44,33.86,555785
HDHPC,2024-12-19,33.71,34.2,33.49,33.6,338743
HDHPC,2024-12-20,32.96,33.07,32.54,32.9,543329
HDHPC,2024-12-23,32.73,33.09,32.7,32.77,370374
HDHPC,2024-12-24,33.1,33.36,32.52,33.04,380215
HDHPC,2024-12-25,33.06,33.59,32.83,32.91,728657
HDHPC,2024-12-26,32.97,33.29,32.75,33.06,516222
HDHPC,2024-12-27,33.23,33.5,32.97,33.26,554628
HDHPC,2024-12-30,33.87,34.29,33.58,33.98,552408
HDHPC,2024-12-31,34.33,34.9,33.73,34.43,462261
HDHPC,2025-01-01,34.32,34.68,33.77,34.23,604568
HDHPC,2025-01-02,33.7,34.19,33.49,33.68,569069
HDHPC,2025-01-03,33.95,34.06,33.49,33.95,489151
HDHPC,2025-01-06,34.48,34.82,33.99,34.44,316504
HDHPC,2025-01-07,34.54,34.74,34.35,34.54,323819
HDHPC,2025-01-08,34.79,35.38,34.24,34.76,511138
HDHPC,2025-01-09,35.8,36.37,35.49,35.95,484241
HDHPC,2025-01-10,36.16,36.75,35.63,36.16,323240
HDHPC,2025-01-13,35.76,36.15,35.53,35.63,563561
HDHPC,2025-01-14,35.33,35.62,35.04,35.22,695816
HDHPC,2025-01-15,36.23,36.38,35.71,36.2,396912
HDHPC,2025-01-16,35.76,36.07,35.45,35.85,559815
HDHPC,2025-01-17,36.46,36.91,35.85,36.49,350530
HDHPC,2025-01-20,36.76,37.24,36.23,36.88,432326
HDHPC,2025-01-21,37.4,37.98,36.74,37.43,585500
HDHPC,2025-01-22,37.55,38.1,37.4,37.48,322225
HDHPC,2025-01-23,37.87,38.61,37.48,38.0,550024
NTC,2024-12-13,749.48,759.01,745.48,750.03,27109
NTC,2024-12-16,769.11,774.13,757.86,769.84,42321
NTC,2024-12-17,771.28,776.91,764.12,768.14,45457
NTC,2024-12-18,785.3,788.53,781.24,782.6,31096
NTC,2024-12-19,774.57,777.42,767.03,775.82,23708
NTC,2024-12-20,764.44,771.26,761.19,766.36,44863
NTC,2024-12-23,769.01,782.55,766.37,770.53,41804
NTC,2024-12-24,778.58,791.29,777.07,781.34,39538
NTC,2024-12-25,774.74,783.43,769.3,776.05,34791
NTC,2024-12-26,768.25,776.04,764.9,771.18,44475
NTC,2024-12-27,766.27,782.28,756.76,769.06,38979
NTC,2024-12-30,774.21,785.67,770.79,772.27,29336
NTC,2024-12-31,775.55,778.06,768.13,772.78,41178
NTC,2025-01-01,775.39,779.49,771.57,774.01,25360
NTC,2025-01-02,775.98,789.75,768.28,779.46,44135
NTC,2025-01-03,792.98,796.97,789.98,793.9,35849
NTC,2025-01-06,782.83,795.68,775.54,785.28,37379
NTC,2025-01-07,793.99,806.28,790.9,794.3,40279
NTC,2025-01-08,800.36,815.79,795.08,803.53,39937
NTC,2025-01-09,796.55,810.36,792.03,797.64,23807
NTC,2025-01-10,798.49,812.07,784.76,799.23,47235
NTC,2025-01-13,782.97,792.16,771.1,781.57,27566
NTC,2025-01-14,793.46,798.28,786.17,789.97,31550
NTC,2025-01-15,796.59,800.42,789.62,799.47,47631
NTC,2025-01-16,802.22,808.95,792.47,803.27,35067
NTC,2025-01-17,801.16,814.43,793.62,801.64,34714
NTC,2025-01-20,790.76,807.68,779.89,793.63,22724
NTC,2025-01-21,805.96,814.92,795.84,804.64,32352
NTC,2025-01-22,797.56,801.01,792.06,795.29,38605
NTC,2025-01-23,784.36,791.9,773.66,785.0,41458
VIANET,2024-12-13,778.39,792.36,774.36,778.52,9826
VIANET,2024-12-16,780.59,794.54,777.62,780.29,8338
VIANET,2024-12-17,780.86,786.23,765.32,779.25,11350
VIANET,2024-12-18,760.08,773.47,750.76,762.1,15522
VIANET,2024-12-19,758.87,767.43,748.32,762.68,9678
VIANET,2024-12-20,779.36,786.01,772.69,782.74,10246
VIANET,2024-12-23,790.24,796.75,787.78,790.89,16288
VIANET,2024-12-24,796.71,802.04,783.82,796.77,16761
VIANET,2024-12-25,783.06,791.29,772.93,786.52,10532
VIANET,2024-12-26,782.35,796.23,769.9,784.99,13627
VIANET,2024-12-27,789.16,793.88,787.16,792.14,9250
VIANET,2024-12-30,810.65,818.97,794.57,808.05,16781
VIANET,2024-12-31,793.98,808.43,781.97,796.0,15782
VIANET,2025-01-01,792.01,803.6,788.11,795.88,16578
VIANET,2025-01-02,822.27,834.55,816.53,818.91,9340
VIANET,2025-01-03,820.58,827.21,811.07,822.35,11250
VIANET,2025-01-06,834.35,837.45,828.77,833.98,9028
VIANET,2025-01-07,832.38,841.93,828.67,833.96,14656
VIANET,2025-01-08,833.63,836.67,825.18,832.42,8240
VIANET,2025-01-09,827.87,835.55,813.53,828.89,10076
VIANET,2025-01-10,841.57,856.05,827.69,837.75,7804
VIANET,2025-01-13,850.52,859.8,848.91,853.26,8769
VIANET,2025-01-14,861.06,863.51,857.66,858.79,11135
VIANET,2025-01-15,864.54,870.44,855.85,862.17,9269
VIANET,2025-01-16,865.6,883.4,863.52,868.68,16112
VIANET,2025-01-17,872.79,885.66,857.03,871.7,10674
VIANET,2025-01-20,863.58,875.4,853.26,865.19,8841
VIANET,2025-01-21,866.25,879.11,855.46,865.42,8681
VIANET,2025-01-22,886.03,893.2,874.6,888.72,13705
VIANET,2025-01-23,890.9,902.33,879.46,890.0,15488
SHIVM,2024-12-13,127.25,128.51,125.97,127.82,52991
SHIVM,2024-12-16,126.94,129.05,125.26,126.63,59237
SHIVM,2024-12-17,125.67,126.75,123.88,125.09,59753
SHIVM,2024-12-18,126.99,128.35,125.83,126.47,84712
SHIVM,2024-12-19,128.81,130.09,128.35,129.01,60382
SHIVM,2024-12-20,131.38,133.61,130.03,131.0,80905
SHIVM,2024-12-23,131.41,133.43,129.53,131.01,43460
SHIVM,2024-12-24,133.38,135.17,132.0,133.51,81303
SHIVM,2024-12-25,132.0,133.75,130.04,132.19,81325
SHIVM,2024-12-26,132.29,132.88,130.51,132.23,81284
SHIVM,2024-12-27,129.89,130.53,129.69,129.92,79468
SHIVM,2024-12-30,130.27,131.35,128.39,129.68,89385
SHIVM,2024-12-31,131.12,132.83,129.29,131.09,64910
SHIVM,2025-01-01,131.44,132.53,129.08,131.94,42809
SHIVM,2025-01-02,133.18,133.86,131.66,132.55,86192
SHIVM,2025-01-03,132.89,133.37,132.07,132.82,73237
SHIVM,2025-01-06,134.68,136.58,134.18,134.37,71790
SHIVM,2025-01-07,135.16,137.0,132.88,135.37,89354
SHIVM,2025-01-08,135.44,136.85,134.88,135.96,73078
SHIVM,2025-01-09,137.28,138.67,136.8,137.43,59121
SHIVM,2025-01-10,137.24,137.58,136.07,136.73,86650
SHIVM,2025-01-13,138.9,140.51,136.79,139.35,79006
SHIVM,2025-01-14,139.93,141.58,137.83,139.88,52165
SHIVM,2025-01-15,140.13,141.69,138.94,140.78,87214
SHIVM,2025-01-16,143.2,144.4,142.7,142.96,79691
SHIVM,2025-01-17,141.66,143.07,139.13,141.05,43545
SHIVM,2025-01-20,140.82,141.25,138.69,140.5,69561
SHIVM,2025-01-21,141.77,143.36,139.53,141.68,61276
SHIVM,2025-01-22,144.62,147.15,143.64,144.45,90722
SHIVM,2025-01-23,145.38,146.99,142.86,145.0,76841
UNL,2024-12-13,12926.96,13018.55,12878.32,12982.14,950
UNL,2024-12-16,13067.45,13233.04,13003.01,13107.43,779
UNL,2024-12-17,13585.56,13626.68,13339.19,13575.13,770
UNL,2024-12-18,13551.24,13591.97,13273.37,13506.11,1140
UNL,2024-12-19,13806.64,13882.04,13610.28,13759.31,758
UNL,2024-12-20,13701.99,13857.3,13588.34,13708.98,1039
UNL,2024-12-23,13708.14,13772.1,13546.87,13733.47,815
UNL,2024-12-24,13802.86,14043.4,13745.39,13766.16,1550
UNL,2024-12-25,13952.52,14132.71,13755.16,13938.47,1325
UNL,2024-12-26,13899.93,14033.96,13828.79,13906.1,990
UNL,2024-12-27,13639.1,13892.41,13406.63,13663.96,1186
UNL,2024-12-30,13801.02,13958.02,13624.55,13744.28,959
UNL,2024-12-31,14102.57,14343.43,13982.79,14124.71,1214
UNL,2025-01-01,14091.52,14166.18,14068.73,14148.18,1081
UNL,2025-01-02,14552.51,14586.78,14444.65,14537.5,1615
UNL,2025-01-03,14447.18,14492.6,14319.17,14436.26,1455
UNL,2025-01-06,14803.28,15053.59,14700.07,14817.15,1583
UNL,2025-01-07,14949.89,14998.21,14741.29,14931.45,913
UNL,2025-01-08,15333.98,15547.53,15172.27,15271.55,1008
UNL,2025-01-09,15397.22,15660.1,15244.18,15446.02,936
UNL,2025-01-10,15144.76,15170.29,14938.71,15127.12,1169
UNL,2025-01-13,15204.29,15528.67,14984.66,15258.01,845
UNL,2025-01-14,15142.55,15401.32,14979.52,15187.57,1262
UNL,2025-01-15,15534.01,15633.53,15372.13,15608.78,1503
UNL,2025-01-16,15654.59,15693.32,15456.53,15594.51,1596
UNL,2025-01-17,15822.0,16078.96,15573.16,15839.74,1617
UNL,2025-01-20,15330.36,15591.02,15192.56,15291.92,1068
UNL,2025-01-21,15091.99,15177.78,14840.52,15026.14,1392
UNL,2025-01-22,14852.86,15102.39,14598.49,14813.56,1486
UNL,2025-01-23,14835.3,14866.22,14631.03,14800.0,991
NHDL,2024-12-13,66.32,67.13,65.05,66.2,169079
NHDL,2024-12-16,66.84,67.38,65.89,66.52,250981
NHDL,2024-12-17,65.5,66.21,65.06,65.35,244092
NHDL,2024-12-18,66.04,66.67,65.28,66.07,259565
NHDL,2024-12-19,64.93,65.09,64.58,64.8,186060
NHDL,2024-12-20,65.34,66.31,64.63,65.63,246115
NHDL,2024-12-23,66.44,67.63,65.87,66.63,121657
NHDL,2024-12-24,66.84,67.49,65.65,66.52,184374
NHDL,2024-12-25,66.73,67.14,65.51,66.49,132915
NHDL,2024-12-26,65.73,66.8,65.07,65.86,147795
NHDL,2024-12-27,65.88,66.55,65.75,66.11,165265
NHDL,2024-12-30,67.05,67.67,65.73,66.73,248140
NHDL,2024-12-31,67.68,68.59,67.59,67.71,120986
NHDL,2025-01-01,67.94,69.11,67.04,68.21,141266
NHDL,2025-01-02,69.62,70.04,69.28,69.94,133726
NHDL,2025-01-03,70.26,71.08,69.51,70.29,117498
NHDL,2025-01-06,70.94,71.02,70.38,70.74,248467
NHDL,2025-01-07,69.48,70.22,68.79,69.52,172248
NHDL,2025-01-08,71.24,72.39,70.1,70.97,206398
NHDL,2025-01-09,70.1,71.32,69.15,69.8,181867
NHDL,2025-01-10,70.45,71.82,69.35,70.6,201070
NHDL,2025-01-13,69.63,70.18,68.86,69.78,264417
NHDL,2025-01-14,69.42,70.49,68.27,69.73,136763
NHDL,2025-01-15,69.99,70.72,69.04,70.04,161248
NHDL,2025-01-16,68.76,69.47,68.65,69.05,256239
NHDL,2025-01-17,69.32,70.17,69.14,69.43,114334
NHDL,2025-01-20,69.59,70.78,68.23,69.37,137810
NHDL,2025-01-21,69.88,70.59,68.32,69.56,152353
NHDL,2025-01-22,68.93,69.85,68.55,68.97,263907
NHDL,2025-01-23,67.86,68.69,67.25,68.0,174733